Lithology,SampleID,SampleLabel,3breaks,RebreakNumber,length,width,height,A,De2m,Demm,VolwithCup,Volcm3,DryMass,WetMass,SoakStart,break date,LoadNormaltoBed?,LMPa,Cup Weight,Notes,PKN,CorrectionFactor (F),IsMPa,Is50MPa,,Piston Area (A)
C1,C1-1,C1-1,1,0,6.5,7.2,3.1,22.32,0.002841873,53.30922119,171,143,307.4,308,12/2/2022,12/6/2022,1,12.67,27.65,,0.01201116,1.029258708,4.226494192,4.350155952,,1000
C1,C1-10,C1-10,1,0,6.7,5.1,2.9,14.79,0.001883123,43.39496373,111,83,246,247,12/7/2022,1/19/2023,1,5.5,,,0.005214,0.938234064,2.76880498,2.597787147,,
C1,C1-11,C1-11,0,0,7.5,4.2,3.8,15.96,0.002032092,45.07873146,111,83,243,246,1/19/2023,1/26/2023,1,4.87,,"broke slowly, difficult to tell when first fracture occurred, wet surfaces show planes of weakness",0.00461676,0.95444467,2.271924663,2.168426384,,
C1,C1-12,C1-12,0,0,6.9,5.5,2.9,15.95,0.002030819,45.06460684,114,86,236,239,1/20/2023,1/26/2023,1,1.09,,"broke on first pump, wet surfade shows pre-existing crack",0.00103332,0.954310082,0.508819401,0.485571484,,
C1,C1-13,C1-13,0,0,7.2,4.9,3.7,18.13,0.002308385,48.04565791,114,86,255,260,1/20/2023,1/26/2023,1,2.68,,"broke on second pump, wet surfaces show pre-existing crack",0.00254064,0.982217942,1.100613516,1.081042343,,
C1,C1-14,C1-14,0,0,6.7,5.7,4.3,24.51,0.003120713,55.86334004,147,119,379,382,1/19/2023,1/26/2023,1,3.46,,"broke on first pump, wet surface shows pre-existing crack",0.00328008,1.051164299,1.051067577,1.104844713,,
C1,C1-2,C1-2,1,0,7.4,8.2,3.6,29.52,0.003758606,61.30747353,179,152,513,514,12/2/2022,12/6/2022,1,8.32,,fracture plane noticeably wet after break IMG_4608,0.00788736,1.096085763,2.098479954,2.300114002,,
C1,C1-3,C1-3,1,0,6.9,7.3,5.2,37.96,0.004833221,69.52137365,205,177,583,584,12/2/2022,12/6/2022,1,16.39,,,0.01553772,1.159889864,3.214775143,3.728785103,,
C1,C1-4,C1-4,1,0,6.7,7.3,5.5,40.15,0.005112061,71.49867894,284,257,696,697,12/2/2022,12/6/2022,1,24.37,,broke between pumps,0.02310276,1.174620581,4.519265242,5.308421963,,
C1,C1-5,C1-5,0,0,10.2,7.2,3.9,28.08,0.00357526,59.79347507,216,189,530,531,12/2/2022,12/6/2022,1,10.8,,fractured at 2.31 - immediately rebroke for recorded result,0.0102384,1.083821359,2.863680115,3.103717675,,
C1,C1-6,C1-6,0,0,4,7,3.8,26.6,0.00338682,58.19639207,114,86,206.4,207,12/2/2022,12/6/2022,1,8.96,,,0.00849408,1.070697344,2.507980901,2.685288491,,
C1,C1-7,C1-7,1,0,13.1,6.4,3.3,21.12,0.002689084,51.85638042,141,113,332,333,12/2/2022,12/6/2022,1,7.49,,,0.00710052,1.016540036,2.64049747,2.684171394,,
C1,C1-8,C1-8,0,0,7.7,8.2,4.3,35.26,0.004489446,67.00333146,219,192,545,547,12/2/2022,12/6/2022,1,8.64,,fracture ~2cm away from point load contact,0.00819072,1.140793076,1.824438744,2.081307087,,
C1,C1-9,C1-9,1,0,5.2,9,4.3,38.7,0.004927441,70.19573491,189,161,477,479,12/2/2022,12/6/2022,1,18.49,,,0.01752852,1.164939374,3.557327077,4.144070379,,
C1,C1-1,C1-1-1,1,1,7.1,5.4,2.9,15.66,0.001993895,44.65304929,85,57,164,165,3/2/2023,4/5/2023,1,8.99,,,0.00852252,0.950378281,4.274307728,4.06220923,,
C1,C1-2,C1-2-2,1,1,8.3,5.4,3.8,20.52,0.00261269,51.11447694,117,89,298,300,2/28/2023,3/15/2023,,8.38,,,0.00794424,1.009969509,3.040636567,3.07095022,,
C1,C1-1,C1-1-2,1,1,6,4.7,2.9,13.63,0.001735427,41.65845611,90,62,143,145,3/2/2023,4/13/2023,1,8.84,,,0.00838032,0.921149085,4.828967261,4.448198772,,
C1,C1-10,C1-10-1,1,1,7.1,3.3,2.9,9.57,0.001218491,34.90689436,91,63,158,159,2/3/2023,3/1/2023,0,3.83,,,0.00363084,0.85069434,2.979783343,2.534884824,,
C1,C1-10,C1-10-2,1,1,5.8,3.1,2.9,8.99,0.001144643,33.83257776,78,50,85,86,3/2/2023,4/7/2023,0,3.51,,,0.00332748,0.83881133,2.907001639,2.438425911,,
C1,C1-12,C1-12-1,0,1,9.1,4.3,2.9,12.47,0.001587731,39.84634304,109,81,202,204,1/27/2023,3/1/2023,1,3.49,,,0.00330852,0.902897206,2.083803798,1.881460628,,
C1,C1-14,C1-14-1,0,1,5.2,4.9,4.3,21.07,0.002682718,51.79496102,82,54,142,143,2/3/2023,3/1/2023,0,--,,dropped,#VALUE!,1.015998058,#VALUE!,#VALUE!,,
C1,C1-14,C1-14-2,0,1,7.3,4.2,4.3,18.06,0.002299473,47.95281598,118,90,237,239,1/27/2023,3/1/2023,0,--,,dropped,#VALUE!,0.981363385,#VALUE!,#VALUE!,,
C1,C1-2,C1-2-1,1,1,7.8,4.1,3.3,13.53,0.001722695,41.50535579,89,61,214,215,3/2/2023,4/1/2023,0,10.11,,,0.00958428,0.919624137,5.563539949,5.116365625,,
C1,C1-3,C1-3-1,1,1,7.3,3.1,5.2,16.12,0.002052464,45.30412652,118,90,265,267,2/7/2023,3/1/2023,0,13.39,,,0.01269372,0.956589238,6.184625281,5.916145987,,
C1,C1-3,C1-3-2,1,1,6.9,4.9,5.2,25.48,0.003244217,56.95802929,145,117,312,314,2/7/2023,3/1/2023,0,15.24,,,0.01444752,1.06038415,4.453314792,4.722224421,,
C1,C1-4,C1-4-1,1,1,6.4,6.5,5.5,35.75,0.004551835,67.46728998,176,148,369,372,2/28/2023,3/7/2023,0,11.23,,,0.01064604,1.144341025,2.338845651,2.676437028,,
C1,C1-4,C1-4-2,1,1,6.5,6.7,5.3,35.51,0.004521277,67.24044499,132,104,322,323,2/7/2023,2/22/2023,1,8.93,,,0.00846564,1.142607995,1.872400026,2.139419239,,
C1,C1-5,C1-5-1,0,1,10.2,4.8,3.7,17.76,0.002261275,47.55286891,131,103,319,321,2/28/2023,3/14/2023,1,11.55,,,0.0109494,0.977671654,4.84213479,4.734017928,,
C1,C1-7,C1-7-1,1,1,9.1,4.2,3.2,13.44,0.001711235,41.36708104,94,66,77,167,3/2/2023,4/4/2023,1,8.3,,,0.0078684,0.918244198,4.598081614,4.222161762,,
C1,C1-7,C1-7-2,1,1,6.3,3.9,3.3,12.87,0.001638661,40.48037399,82,54,165,167,3/2/2023,4/2/2023,1,6.86,,,0.00650328,0.909334211,3.968655675,3.608834376,,
C1,C1-8,C1-8-1,0,1,8.5,7.4,4.2,31.08,0.003957232,62.90653263,201,173,499,500,2/28/2023,3/13/2023,1,18,,,0.017064,1.108859661,4.312105193,4.781519502,,
C1,C1-9,C1-9-1,1,1,8.2,4.1,4.4,18.04,0.002296926,47.92625667,116,88,220,222,3/2/2023,4/6/2023,0,9.88,,,0.00936624,0.981118754,4.077728093,4.000735506,,
C1,C1-9,C1-9-2,1,1,7.9,4.4,4.3,18.92,0.002408971,49.08127192,102,74,254,256,2/28/2023,3/18/2023,0,10.66,,,0.01010568,0.991689265,4.195018926,4.160155235,,
C2,C2-1,C2-1,0,0,8.2,4.1,4.6,18.86,0.002401332,49.0033857,130,102,384,385,1/20/2023,1/26/2023,1,8.01,,broke chip from edge,0.00759348,0.990980793,3.162195232,3.133674739,,
C2,C2-10,C2-10,1,0,6.6,4.1,3.2,13.12,0.001670492,40.87164902,85,57,223,224,1/20/2023,1/26/2023,1,4.06,,broke on second pump,0.00384888,0.913278997,2.30404019,2.104231514,,
C2,C2-11,C2-11,0,0,5.1,4,3.3,13.2,0.001680678,40.99606833,84,56,183,185,1/19/2023,1/26/2023,1,1.5,,broke on first pump,0.001422,0.914529021,0.846087307,0.773771397,,
C2,C2-2,C2-2,1,0,7.9,4.7,4.3,20.21,0.002573219,50.72690897,145,117,445,445,1/20/2023,1/26/2023,1,11.7,,,0.0110916,1.00651622,4.310398274,4.338485776,,
C2,C2-3,C2-3,1,0,9.7,8.9,5.4,48.06,0.006119194,78.22527993,223,195,587,591,1/19/2023,1/26/2023,1,12.93,,,0.01225764,1.223121794,2.003146028,2.450091564,,
C2,C2-4,C2-4,0,0,7.8,5.3,3.4,18.02,0.00229438,47.89968265,101,73,260,260,1/19/2023,1/26/2023,1,9.82,,broke along subhorizontal plane of weakness - wet surface,0.00930936,0.980873913,4.057462858,3.97985947,,
C2,C2-5,C2-5,0,0,8.7,5.4,3.3,17.82,0.002268915,47.63312697,150,122,327,328,12/7/2022,1/14/2023,1,13.37,,,0.01267476,0.978413845,5.586265329,5.465679342,,
C2,C2-6,C2-6,0,0,7.8,4.5,3.9,17.55,0.002234537,47.27089261,141,113,364,364,1/20/2023,1/26/2023,1,4.81,,,0.00455988,0.975058583,2.040637238,1.989740853,,
C2,C2-7,C2-7,1,0,8.1,4.8,3.7,17.76,0.002261275,47.55286891,145,117,363,364,12/7/2022,1/19/2023,1,4.03,,,0.00382044,0.977671654,1.689506771,1.651782879,,
C2,C2-8,C2-8,1,0,6.1,4.3,3.9,16.77,0.002135225,46.2084897,96,68,263,266,1/20/2023,1/26/2023,1,2.48,,"broke on first pump, wet surface shows pre-existing crack",0.00235104,0.965135513,1.101073905,1.062685528,,
C2,C2-9,C2-9,1,0,6.7,3.9,3.8,14.82,0.001886943,43.43895256,100,72,257,258,1/19/2023,1/26/2023,1,6.54,,,0.00619992,0.938661928,3.285696132,3.084157865,,
C2,C2-1,C2-1-1,0,1,8.1,4.7,4.8,22.56,0.002872431,53.59506357,165,137,374,377,1/27/2023,3/1/2023,0,12.07,,,0.01144236,1.03173854,3.983511054,4.10994188,,
C2,C2-10,C2-10-1,1,1,4.3,2.5,3.1,7.75,0.000986761,31.41275984,63,35,92,92,1/26/2023,3/1/2023,0,9.02,,,0.00855096,0.811262199,8.665680783,7.030139247,,
C2,C2-10,C2-10-2,1,1,4.4,3.2,3.3,10.56,0.001344542,36.66799824,79,51,131,131,1/27/2023,3/1/2023,0,10.46,,,0.00991608,0.869746598,7.375061024,6.414434239,,
C2,C2-11,C2-11-1,0,1,4.1,3.7,3.4,12.58,0.001601737,40.02170286,69,41,81,82,3/2/2023,4/9/2023,1,3.8,,,0.0036024,0.90468315,2.249058787,2.034685588,,
C2,C2-2,C2-2-1,1,1,4.7,3.2,4.2,13.44,0.001711235,41.36708104,91,63,203,203,1/27/2023,3/1/2023,0,14.98,,,0.01420104,0.918244198,8.298706334,7.62023894,,
C2,C2-2,C2-2-2,1,1,5.3,4.2,4.6,19.32,0.002459901,49.59738782,92,64,241,242,1/27/2023,3/1/2023,1,12.21,,,0.01157508,0.996368433,4.705506674,4.688418311,,
C2,C2-3,C2-3-1,1,1,5.1,4.7,3.2,15.04,0.001914954,43.76018616,84,56,149,150,2/7/2023,3/1/2023,1,11.84,,,0.01122432,0.941779256,5.861404832,5.520149484,,
C2,C2-3,C2-3-2,1,1,9.2,8.4,5.4,45.36,0.005775419,75.99618052,215,187,561,561,1/26/2023,3/1/2023,1,17.2,,,0.0163056,1.207312765,2.823275458,3.4085765,,
C2,C2-4,C2-4-1,0,1,7.3,5.3,3.3,17.49,0.002226898,47.19001849,91,63,224,224,1/26/2023,3/1/2023,1,6.91,,,0.00655068,0.974307542,2.94161675,2.866039385,,
C2,C2-5,C2-5-2,0,1,5.3,4.2,3.5,14.7,0.001871664,43.2627289,104,76,176,178,2/28/2023,3/9/2023,1,9.16,,,0.00868368,0.936946423,4.639551403,4.347011092,,
C2,C2-6,C2-6-1,0,1,7.9,2.9,3.8,11.02,0.001403111,37.45812547,127,99,244,245,1/27/2023,3/1/2023,0,11.67,,,0.01106316,0.878130812,7.884735214,6.923828937,,
C2,C2-7,C2-7-1,1,1,8.5,4.6,3.6,16.56,0.002108486,45.91825854,117,89,228,229,2/3/2023,3/1/2023,0,1.15,,,0.0010902,0.96240292,0.517053354,0.497613658,,
C2,C2-7,C2-7-2,1,1,6.2,3.1,3.6,11.16,0.001420937,37.69531181,89,61,134,135,2/7/2023,3/1/2023,0,9.36,,,0.00887328,0.880628631,6.244670187,5.499235357,,
C2,C2-8,C2-8-1,1,1,4.3,3.6,3.9,14.04,0.00178763,42.2803717,69,41,111,111,1/27/2023,3/1/2023,0,4.55,,,0.0043134,0.927312164,2.412915653,2.237526035,,
C2,C2-8,C2-8-2,1,1,4.3,3.6,3.9,14.04,0.00178763,42.2803717,92,64,152,154,2/3/2023,3/1/2023,0,7.37,,,0.00698676,0.927312164,3.908393046,3.624300412,,
C2,C2-9,C2-9-1,1,1,3.8,3.8,3.9,14.82,0.001886943,43.43895256,76,48,132,134,1/26/2023,3/1/2023,0,8.79,,,0.00833292,0.938661928,4.416096178,4.145221351,,
C2,C2-9,C2-9-2,1,1,3.2,2.8,3.9,10.92,0.001390379,37.28778295,78,50,123,124,1/27/2023,3/1/2023,0,10.74,,,0.01018152,0.876331557,7.322839152,6.417235034,,
C2-C3,C2-C3,C2-C3-1,1,0,6.1,5.3,4.3,22.79,0.002901715,53.86757256,137,109,353,354,12/7/2022,1/19/2023,1,7.49,,,0.00710052,1.034095934,2.447007748,2.530440762,,
C2-C3,C2-C3,C2-C3-1-1,1,1,6.1,3.6,4.4,15.84,0.002016813,44.90894279,93,65,197,198,2/3/2023,3/1/2023,0,10.51,,,0.00996348,0.952825282,4.940209775,4.707156773,,
C2-C3,C2-C3,C2-C3-1-2,1,1,5.9,3.3,4.1,13.53,0.001722695,41.50535579,88,60,155,156,1/27/2023,3/1/2023,0,9.16,,,0.00868368,0.919624137,5.040754296,4.63559932,,
C3,C3-1,C3-1,1,0,7,4.5,3.9,17.55,0.002234537,47.27089261,116,88,239,240,12/7/2022,1/14/2023,1,6.22,,,0.00589656,0.975058583,2.638828195,2.57301208,,
C3,C3-2,C3-2,0,0,7.8,7.5,4.9,36.75,0.004679159,68.40438056,175,147,421,423,1/19/2023,1/23/2023,1,1.41,,"broke on first pump, wet surface shows pre-existing crack",0.00133668,1.151466373,0.285666702,0.328935601,,
C3,C3-3,C3-3,1,0,7.6,5.1,4.9,24.99,0.003181828,56.40769726,128,100,331,332,1/19/2023,1/26/2023,1,3.11,,wet surfaces show pre-existing plane of weakness,0.00294828,1.055761364,0.926599336,0.978267779,,
C3,C3-4,C3-4,1,0,6.1,4.7,3.9,18.33,0.00233385,48.30993745,109,81,233,233,12/7/2022,1/19/2023,1,1.67,,broke on first pump,0.00158316,0.984645526,0.678346921,0.667931261,,
C3,C3-5,C3-5,1,0,6.8,5.4,4,21.6,0.0027502,52.44234682,154,126,345,346,1/19/2023,1/26/2023,1,3.49,,"broke on first pump, wet surface shows pre-existing crack",0.00330852,1.021693079,1.203010804,1.229107812,,
C3,CC3-7,C3-7,0,0,4.7,3.7,2.3,8.51,0.001083528,32.91698297,63,35,102,103,12/7/2022,1/19/2023,1,3.74,,,0.00354552,0.828519069,3.272200404,2.711080431,,
C3,C3-8,C3-8,1,0,5.6,4.7,2.3,10.81,0.001376373,37.09950283,68,40,139,139,1/19/2023,1/26/2023,1,5.44,,,0.00515712,0.874337566,3.746890985,3.276047545,,
C3,C3-1,C3-1-1,1,1,7.1,3.1,3.9,12.09,0.001539348,39.23452446,80,52,171,171,1/27/2023,3/1/2023,0,3.69,,,0.00349812,0.896632084,2.272468737,2.037568379,,
C3,C3-1,C3-1-2,1,1,3.6,2.7,2.3,6.21,0.000790682,28.11907582,57,29,54,55,3/2/2023,4/12/2023,0,2.82,,,0.00267336,0.771816338,3.381079325,2.609572261,,
C3,C3-2,C3-2-1,0,1,8.2,5.1,4.7,23.97,0.003051958,55.24452703,119,91,285,286,1/27/2023,3/1/2023,0,--,,broke without reading,#VALUE!,1.045908434,#VALUE!,#VALUE!,,
C3,C3-3,C3-3-1,1,1,4.6,3.4,4.9,16.66,0.002121219,46.05669195,100,72,174,175,1/27/2023,3/1/2023,0,3.23,,,0.00306204,0.963707484,1.443528548,1.391139265,,
C3,C3-3,C3-3-2,1,1,4.9,4.3,4.2,18.06,0.002299473,47.95281598,69,41,149,151,1/26/2023,3/1/2023,0,3.69,,,0.00349812,0.981363385,1.5212706,1.492919265,,
C3,C3-4,C3-4-1,1,1,5.9,2.6,3.8,9.88,0.001257962,35.46775624,75,47,96,97,3/2/2023,3/26/2023,0,1.44,,,0.00136512,0.856818174,1.085184044,0.929805411,,
C3,C3-4,C3-4-2,1,1,5.9,2.8,3.6,10.08,0.001283427,35.82494306,89,61,134,135,3/2/2023,3/25/2023,0,8.96,,,0.00849408,0.860690436,6.618282933,5.696292822,,
C3,C3-5,C3-5-3,1,1,7.4,5.4,4.1,22.14,0.002818955,53.09382952,129,101,298,300,3/2/2023,3/28/2023,1,3.37,,,0.00319476,1.027385237,1.133313693,1.164349758,,
C3,C3-5,C3-5-1,1,1,6.6,2.9,4,11.6,0.001476959,38.43122584,80,52,189,191,3/2/2023,3/31/2023,0,4.26,,,0.00403848,0.888324019,2.734320772,2.428962817,,
C3,C3-5,C3-5-2,1,1,6.3,2.9,4.1,11.89,0.001513883,38.90865068,90,62,142,143,2/3/2023,3/1/2023,0,8.44,,,0.00800112,0.893273138,5.285163705,4.72109477,,
C3,C3-8,C3-8-1,1,1,5.7,2.5,2.3,5.75,0.000732113,27.05759333,53,25,66,68,2/7/2023,3/1/2023,0,3.92,,,0.00371616,0.758566435,5.075935258,3.850434115,,
C3,C3-8,C3-8-2,1,1,4.9,3.1,2.3,7.13,0.000907821,30.13006077,65,37,71,72,3/2/2023,4/15/2023,1,6.08,,,0.00576384,0.796184102,6.34909611,5.055049385,,
C4,C4-1,C4-1,1,0,8.6,5.8,3.1,17.98,0.002289287,47.84649031,114,86,304,304,1/20/2023,1/26/2023,1,10.89,,,0.01032372,0.980383598,4.509579465,4.421117743,,
C4,C4-10,C4-10,1,0,7.6,5.4,4,21.6,0.0027502,52.44234682,158,130,388,389,1/20/2023,1/26/2023,1,--,,,#VALUE!,1.021693079,#VALUE!,#VALUE!,,
C4,C4-11,C4-11,1,0,5.9,5.7,3.4,19.38,0.00246754,49.67434269,104,76,265,266,1/20/2023,1/26/2023,1,12.86,,broke beween pumps,0.01219128,0.997063817,4.940660905,4.92615422,,
C4,C4-12,C4-12,1,0,8.9,5.1,2.5,12.75,0.001623382,40.29121233,91,63,222,224,1/19/2023,1/26/2023,1,9.36,,,0.00887328,0.907419586,5.465923081,4.959885658,,
C4,C4-13,C4-13,0,0,7.2,6.1,5.1,31.11,0.003961052,62.9368856,168,140,498,499,1/20/2023,1/26/2023,1,15.32,,broke chip from edge,0.01452336,1.109100395,3.666541509,4.066562635,,
C4,C4-14,C4-14,1,0,7.3,5.4,5.1,27.54,0.003506505,59.21574679,157,129,438,442,1/20/2023,1/26/2023,1,10.37,,broke between pumps,0.00983076,1.079096398,2.803578187,3.025331123,,
C4,C4-15,C4-15,1,0,6.5,5.2,3.3,17.16,0.002184881,46.74270964,98,70,259,259,1/19/2023,1/26/2023,1,12.91,,,0.01223868,0.970140748,5.601531862,5.434274308,,
C4,C4-2,C4-2,1,0,9.9,4.6,3.8,17.48,0.002225625,47.17652599,122,94,285,285,1/19/2023,1/26/2023,1,13.22,,,0.01253256,0.974182175,5.631030488,5.485649525,,
C4,C4-3,C4-3,1,0,6.6,5.8,3.1,17.98,0.002289287,47.84649031,119,91,278,279,1/19/2023,1/26/2023,1,4.32,,,0.00409536,0.980383598,1.788924085,1.753831832,,
C4,C4-4,C4-4,0,0,6.7,5.4,3.7,19.98,0.002543935,50.43743411,124,96,291,291,12/7/2022,1/19/2023,1,16.19,,,0.01534812,1.003927478,6.03322076,6.0569161,,
C4,C4-5,C4-5,1,0,6.1,5.6,3.4,19.04,0.00242425,49.23667475,150,122,261,261,1/19/2023,1/23/2023,1,1.7,,broke on first pump on obvious diagenetically filled fracture,0.0016116,0.993101001,0.664782884,0.660196548,,
C4,C4-6,C4-6,1,0,6.9,6.1,3.2,19.52,0.002485366,49.85344211,139,111,339,339,12/7/2022,1/14/2023,1,3.69,,"broke on first pump, oxidation shows preexisting plane of weakness",0.00349812,0.998679914,1.40748704,1.405629037,,
C4,C4-7,C4-7,1,0,6.8,6.4,3.7,23.68,0.003015034,54.90932333,171,143,384,386,12/7/2022,1/14/2023,1,1.64,,"broke on first pump, oxidation shows preexisting plane of weakness",0.00155472,1.043047867,0.515655913,0.5378538,,
C4,C4-8,C4-8,1,0,5.5,6.2,3.7,22.94,0.002920814,54.04455553,117,89,311,312,1/19/2023,1/23/2023,1,1.79,,broke on first pump on obvious diagenetically filled fracture,0.00169692,1.035623449,0.580975033,0.601671367,,
C4,C4-9,C4-9,0,0,3.9,3.4,2.5,8.5,0.001082255,32.89763711,58,30,84,84,1/20/2023,1/26/2023,1,8.09,,broke with gusto,0.00766932,0.828299913,7.086429123,5.869688624,,
C4,C4-1,C4-1-1,1,1,5.6,4.3,3.1,13.33,0.00169723,41.1974483,67,39,146,146,1/26/2023,3/1/2023,1,6.16,,,0.00583968,0.916547846,3.440712733,3.153577842,,
C4,C4-1,C4-1-3,1,1,4.8,3.5,3.8,13.3,0.00169341,41.15106347,89,61,115,117,2/7/2023,3/1/2023,0,6.05,,,0.0057354,0.916083322,3.386893851,3.10267697,,
C4,C4-1,C4-1-2,1,1,6.1,3.9,3.1,12.09,0.001539348,39.23452446,69,41,122,123,1/26/2023,3/1/2023,1,7.63,,,0.00723324,0.896632084,4.69889877,4.213183396,,
C4,C4-10,C4-10-1,1,1,5.6,2.9,4.1,11.89,0.001513883,38.90865068,85,57,182,183,2/7/2023,3/1/2023,0,11.81,,,0.01119588,0.893273138,7.395471962,6.60617645,,
C4,C4-10,C4-10-2,1,1,4.6,3.1,4.4,13.64,0.0017367,41.67373521,80,52,145,146,2/3/2023,3/1/2023,0,8.5,,,0.008058,0.921301102,4.639833618,4.274683825,,
C4,C4-11,C4-11-1,1,1,5.4,3.3,3.8,12.54,0.001596644,39.9580247,76,48,120,121,2/28/2023,3/24/2023,0,9.33,,,0.00884484,0.904035121,5.539645314,5.008033924,,
C4,C4-11,C4-11-2,1,1,5.6,2.7,3.5,9.45,0.001203212,34.68735196,77,49,137,139,1/26/2023,3/1/2023,0,5.99,,,0.00567852,0.848282513,4.719466044,4.003440515,,
C4,C4-12,C4-12-1,1,1,7.2,4.5,2.7,12.15,0.001546987,39.33176011,90,62,130,131,2/7/2023,3/1/2023,1,6.45,,,0.0061146,0.897631366,3.952585641,3.547964848,,
C4,C4-12,C4-12-2,1,1,5.1,4.1,2.5,10.25,0.001305072,36.12577523,73,45,91,92,1/26/2023,3/1/2023,1,4.44,,,0.00420912,0.863935315,3.225202268,2.786366138,,
C4,C4-13,C4-13-1,0,1,7.1,5.9,5.1,30.09,0.003831181,61.89653485,166,138,445,447,1/26/2023,3/1/2023,0,6.34,,,0.00601032,1.100812493,1.568790396,1.726944066,,
C4,C4-14,C4-14-1,1,1,6.8,3.6,4.8,17.28,0.00220016,46.90586095,114,86,221,223,2/7/2023,3/1/2023,0,8.35,,,0.0079158,0.971663073,3.597829589,3.495878157,,
C4,C4-14,C4-14-2,1,1,7.2,2.6,5.1,13.26,0.001688317,41.08913558,98,70,185,186,2/3/2023,3/1/2023,0,5.99,,,0.00567852,0.915462692,3.363420371,3.079085867,,
C4,C4-15,C4-15-1,1,1,5.1,3.3,3.5,11.55,0.001470593,38.34831048,60,32,110,110,1/26/2023,3/1/2023,0,8.79,,,0.00833292,0.887461055,5.666367563,5.028680536,,
C4,C4-15,C4-15-2,1,1,6.5,3.6,3.3,11.88,0.00151261,38.89228531,82,54,148,151,1/26/2023,3/1/2023,0,8.73,,,0.00827604,0.893104045,5.471364584,4.886497843,,
C4,C4-2,C4-2-1,1,1,5.7,3.8,3.8,14.44,0.001838559,42.87842646,71,43,149,151,1/26/2023,3/1/2023,0,8.47,,,0.00802956,0.933191933,4.367310492,4.075538919,,
C4,C4-2,C4-2-2,1,1,4.7,3.7,3.7,13.69,0.001743066,41.75004681,70,42,131,133,1/26/2023,3/1/2023,0,8.15,,,0.0077262,0.922059896,4.432533356,4.087061244,,
C4,C4-3,C4-3-1,1,1,3.4,2.4,3.1,7.44,0.000947291,30.77809321,64,36,92,94,2/3/2023,3/1/2023,1,8.04,,,0.00762192,0.803844913,8.046017356,6.467750122,,
C4,C4-3,C4-3-2,1,1,6.5,5.7,3.1,17.67,0.002249816,47.43222719,96,68,183,184,2/7/2023,3/1/2023,0,5.96,,,0.00565008,0.976554714,2.511351843,2.452472482,,
C4,C4-5,C4-5-1,1,1,5.2,2.7,2.5,6.75,0.000859437,29.3161631,69,41,139,140,1/26/2023,3/1/2023,1,1.56,,,0.00147888,0.786432959,1.720753563,1.353257316,,
C4,C4-5,C4-5-2,1,1,5.4,2.9,2.6,7.54,0.000960023,30.98424483,70,42,119,119,1/26/2023,3/1/2023,0,7.78,,,0.00737544,0.806263334,7.682562516,6.194168469,,
C4,C4-6,C4-6-1,1,1,6.6,3.8,3.3,12.54,0.001596644,39.9580247,90,62,201,202,2/7/2023,3/1/2023,1,8.53,,,0.00808644,0.904035121,5.064648931,4.578620512,,
C4,C4-6,C4-6-1,1,1,6.8,3.3,2.9,9.57,0.001218491,34.90689436,83,55,135,135,3/2/2023,4/17/2023,0,6.65,,,0.0063042,0.85069434,5.173775255,4.401301326,,
C4,C4-7,C4-7-1,1,1,6.2,3.3,3.7,12.21,0.001554627,39.42875597,101,73,225,226,2/28/2023,3/21/2023,0,11.44,,,0.01084512,0.898626831,6.976027957,6.268845898,,
C4,C4-7,C4-7-2,1,1,6.3,3.2,3.6,11.52,0.001466773,38.29847509,90,62,156,157,3/2/2023,4/14/2023,0,7.89,,,0.00747972,0.886941886,5.099438705,4.522905784,,
C4,C4-8,C4-8-1,1,1,4.9,4.1,3.8,15.58,0.001983709,44.53884693,99,71,177,178,1/26/2023,3/1/2023,0,7.17,,,0.00679716,0.949283723,3.426490675,3.252711825,,
C4,C4-8,C4-8-2,1,1,5.4,2.8,3.6,10.08,0.001283427,35.82494306,81,53,126,127,1/26/2023,3/1/2023,0,5.39,,,0.00510972,0.860690436,3.981310827,3.426676151,,
SS1,SS1-1,SS1-1,0,0,8.9,6.7,4.6,30.82,0.003924128,62.64285747,232,204,540,546,12/7/2022,1/19/2023,1,20.28,,,0.01922544,1.106765722,4.899290238,5.422366497,,
SS1,SS1-10,SS1-10,1,0,6.6,3.3,3.7,12.21,0.001554627,39.42875597,87,59,154,157,1/20/2023,1/26/2023,0,10.69,,,0.01013412,0.898626831,6.518683467,5.857863868,,
SS1,SS1-2,SS1-2,1,0,6.4,5.8,5.7,33.06,0.004209333,64.87937646,137,109,310,315,12/2/2022,12/6/2022,1,8.76,,,0.00830448,1.124375822,1.972872907,2.218250597,,
SS1,SS1-3,SS1-3,1,0,10,6.9,5.2,35.88,0.004568387,67.58984647,217,190,491,498,12/2/2022,12/6/2022,1,23.59,,,0.02236332,1.145275987,4.895232893,5.606392684,,
SS1,SS1-4,SS1-4,0,0,9.8,7,5.5,38.5,0.004901976,70.01411563,362,334,850,859,12/2/2022,12/6/2022,1,23.53,,,0.02230644,1.163582073,4.550499275,5.294879378,,
SS1,SS1-5,SS1-5,1,0,11.2,9.2,4.9,45.08,0.005739769,75.76126131,391,363,1012,1025,12/2/2022,12/6/2022,1,20.77,,,0.01968996,1.205631916,3.430444845,4.135853792,,
SS1,SS1-6,SS1-6,0,0,10.9,8.1,4.1,33.21,0.004228432,65.02639541,270,243,702,712,12/2/2022,12/6/2022,1,19.7,,,0.0186756,1.125521653,4.416672554,4.971060592,,
SS1,SS1-7,SS1-7,1,0,9.4,7.4,4.6,34.04,0.004334111,65.83396594,287,259,656,660,12/7/2022,1/14/2023,1,20.74,,,0.01966152,1.131790401,4.536459652,5.134321489,,
SS1,SS1-8,SS1-8,0,0,7.1,6.4,4.7,30.08,0.003829908,61.88624876,242,214,583,589,12/7/2022,1/19/2023,1,21.2,,,0.0200976,1.100730168,5.247541488,5.776127224,,
SS1,SS1-9,SS1-9,1,0,7.7,4.6,3.8,17.48,0.002225625,47.17652599,79,51,225,229,1/19/2023,1/26/2023,1,11.23,,,0.01064604,0.974182175,4.78339428,4.659897441,,
SS1,SS1-1,SS1-1-1,0,1,8.1,5.1,4.6,23.46,0.002987022,54.65365948,165,137,373,379,2/3/2023,3/1/2023,0,7.03,,,0.00666444,1.040859617,2.231131507,2.322294685,,
SS1,SS1-10,SS1-10-1,1,1,6.1,3.3,1.7,5.61,0.000714288,26.72616673,57,29,77,78,1/26/2023,3/1/2023,0,4.84,,,0.00458832,0.754371029,6.423627553,4.845798524,,
SS1,SS1-10,SS1-10-2,1,1,5.7,3.3,1.9,6.27,0.000798322,28.25459023,54,26,78,80,1/27/2023,3/1/2023,1,7.35,,,0.0069678,0.773487953,8.728058533,6.751048128,,
SS1,SS1-2,SS1-2-1,1,1,7.2,4.6,4.5,20.7,0.002635608,51.33817375,143,115,313,319,2/3/2023,3/1/2023,0,16.85,,,0.0159738,1.011956129,6.060764534,6.133227816,,
SS1,SS1-2,SS1-2-2,1,1,7.9,3.9,4.3,16.77,0.002135225,46.2084897,119,91,268,272,2/7/2023,3/1/2023,0,12.36,,,0.01171728,0.965135513,5.487610268,5.296287553,,
SS1,SS1-3,SS1-3-1,1,1,9.5,3.2,5.1,16.32,0.002077929,45.58430313,101,73,224,228,2/28/2023,3/17/2023,0,11.78,,,0.01116744,0.959246873,5.374313393,5.155293315,,
SS1,SS1-3,SS1-3-2,1,1,9.3,4.9,3.1,15.19,0.001934053,43.97786377,104,76,262,266,3/2/2023,3/30/2023,0,12.21,,,0.01157508,0.943884504,5.984884065,5.649039329,,
SS1,SS1-4,SS1-4-1,0,1,10.1,5.9,5.8,34.22,0.004357029,66.00779804,263,235,599,608,2/28/2023,3/8/2023,0,15.38,,,0.01458024,1.133134229,3.346371726,3.791888344,,
SS1,SS1-5,SS1-5-1,1,1,11.2,4.1,5.1,20.91,0.002662346,51.59792764,218,190,542,550,2/28/2023,3/19/2023,0,18.06,,,0.01712088,1.014257002,6.430749091,6.522432295,,
SS1,SS1-5,SS1-5-2,1,1,10.6,5.1,5.1,26.01,0.003311699,57.54736183,212,184,467,472,3/2/2023,3/29/2023,0,14.6,,,0.0138408,1.065307382,4.17936552,4.452308941,,
SS1,SS1-6,SS1-6-1,0,1,8.8,5.4,4,21.6,0.0027502,52.44234682,192,164,489,497,2/28/2023,3/20/2023,0,16.33,,,0.01548084,1.021693079,5.628987516,5.751097584,,
SS1,SS1-7,SS1-7-1,1,1,9.6,3.6,4.7,16.92,0.002154323,46.41468657,146,118,345,350,2/3/2023,3/1/2023,0,12.27,,,0.01163196,0.967071173,5.399357154,5.221562658,,
SS1,SS1-7,SS1-7-2,1,1,9.4,2.9,4.6,13.34,0.001698503,41.21289831,129,101,,310,1/27/2023,3/1/2023,0,11.7,,,0.0110916,0.916702507,6.530221073,5.986270027,,
SS1,SS1-9,SS1-9-1,1,1,4.6,2.5,3.8,9.5,0.001209579,34.77899638,70,42,114,118,2/28/2023,3/11/2023,0,--,,less than 4.84,#VALUE!,0.849290309,#VALUE!,#VALUE!,,
SS1,SS1-9,SS1-9-2,1,1,4.5,3.9,3.9,15.21,0.001936599,44.0068061,70,42,108,111,2/28/2023,3/22/2023,0,5.96,,,0.00565008,0.944163985,2.917527092,2.754624006,,
SS2,SS2-1,SS2-1,1,0,5.9,8.3,3,24.9,0.003170369,56.30603115,146,118,275,279,12/7/2022,1/19/2023,1,5.93,,spalled from bottom of sample,0.00562164,1.054904659,1.773181527,1.870537454,,
SS2,SS2-10,SS2-10,1,0,6.5,5.8,2.9,16.82,0.002141591,46.27732407,117,89,236,238,12/7/2022,1/19/2023,1,8.21,,,0.00778308,0.965782219,3.634251828,3.509895795,,
SS2,SS2-11,SS2-11,1,0,6.6,6.2,3.1,19.22,0.002447168,49.46886366,117,89,207,210,12/7/2022,1/19/2023,1,12.39,,,0.01174572,0.995205732,4.799718587,4.776707447,,
SS2,SS2-12,SS2-12,0,0,6.1,4,3.8,15.2,0.001935326,43.99233732,98,70,213,217,12/7/2022,1/19/2023,1,4.03,,spalled from bottom of sample,0.00382044,0.94402428,1.97405528,1.863556115,,
SS2,SS2-13,SS2-13,1,0,6,3.7,3.7,13.69,0.001743066,41.75004681,97,69,195,197,12/7/2022,1/14/2023,1,12.96,,,0.01228608,0.922059896,7.04854384,6.499179598,,
SS2,SS2-2,SS2-2,0,0,5.3,6.9,3.1,21.39,0.002723462,52.18679609,101,73,196,201,12/7/2022,1/19/2023,1,7.84,,,0.00743232,1.019449656,2.728997451,2.782075513,,
SS2,SS2-3,SS2-3,1,0,7.5,4.5,3.3,14.85,0.001890762,43.48289688,107,79,199,206,12/7/2022,1/19/2023,1,11.26,,,0.01067448,0.939089121,5.645595896,5.301717687,,
SS2,SS2-4,SS2-4,1,0,7.9,4.6,3.9,17.94,0.002284194,47.79323878,130,102,266,274,12/7/2022,1/14/2023,1,10.57,,,0.01002036,0.979892438,4.386825916,4.29861754,,
SS2,SS2-5,SS2-5,0,0,6.7,5.1,2.5,12.75,0.001623382,40.29121233,86,58,170,174,1/19/2023,1/26/2023,1,7.63,,broke chip off edge,0.00723324,0.907419586,4.455661657,4.043154655,,
SS2,SS2-6,SS2-6,0,0,4.9,4.4,3.6,15.84,0.002016813,44.90894279,84,56,145,148,1/19/2023,1/26/2023,1,6.39,,,0.00605772,0.952825282,3.003609939,2.861915488,,
SS2,SS2-7,SS2-7,0,0,6.8,3.8,3.7,14.06,0.001790176,42.3104752,117,149,199,201,1/19/2023,1/23/2023,1,4.72,,broke chip from edge,0.00447456,0.927609215,2.499507993,2.318566647,,
SS2,SS2-8,SS2-8,1,0,4.3,4.6,4.1,18.86,0.002401332,49.0033857,90,62,175,178,12/7/2022,1/19/2023,1,12.88,,,0.01221024,0.990980793,5.084778351,5.038917683,,
SS2,SS2-9,SS2-9,0,0,4.7,4.8,2.6,12.48,0.001589004,39.86231672,99,71,149,151,12/7/2022,1/14/2023,1,11.61,,,0.01100628,0.903060068,6.926526279,6.255069295,,
SS2,SS2-1,SS2-1-1,1,1,7.4,3.1,3.1,9.61,0.001223584,34.97976895,127,99,263,268,2/3/2023,3/1/2023,1,9.65,,,0.0091482,0.851493073,7.476559219,6.366238388,,
SS2,SS2-1,SS2-1-2,1,1,4.9,2.1,2.6,5.46,0.000695189,26.36644418,67,39,64,65,3/2/2023,4/11/2023,0,5.62,,,0.00532776,0.749784921,7.663753452,5.746166774,,
SS2,SS2-10,SS2-10-1,1,1,6.5,5.8,2.8,16.24,0.002067743,45.47243964,86,58,139,141,2/3/2023,3/1/2023,1,7.49,,,0.00710052,0.958186864,3.433947449,3.290363338,,
SS2,SS2-10,SS2-10-2,1,1,6.1,4.4,1.8,7.92,0.001008407,31.75541798,61,33,96,97,2/28/2023,3/23/2023,1,3.66,,,0.00346968,0.815232572,3.440755048,2.805015586,,
SS2,SS2-11,SS2-11-1,1,1,6.4,4.4,2.2,9.68,0.001232497,35.1069355,78,50,126,127,2/3/2023,3/1/2023,1,6.63,,,0.00628524,0.852884679,5.099598949,4.34936981,,
SS2,SS2-11,SS2-11-2,1,1,6.8,3.5,2.4,8.4,0.001069522,32.70354906,62,34,82,84,2/28/2023,3/12/2023,1,4.84,,,0.00458832,0.826097288,4.290065544,3.544011513,,
SS2,SS2-12,SS2-12-1,0,1,6.1,3.9,3.7,14.43,0.001837286,42.86357679,104,76,211,215,2/7/2023,3/1/2023,1,9.53,,,0.00903444,0.933046486,4.917274144,4.588045363,,
SS2,SS2-13,SS2-13-1,1,1,3.5,2.7,3.3,8.91,0.001134457,33.68170709,56,28,86,90,3/2/2023,4/3/2023,0,7.03,,,0.00666444,0.837126019,5.874561745,4.917748488,,
SS2,SS2-13,SS2-13-2,1,1,5.1,3.4,3.6,12.24,0.001558447,39.47716453,78,50,106,107,3/2/2023,4/8/2023,0,8.09,,,0.00766932,0.899123143,4.921131336,4.424703073,,
SS2,SS2-2,SS2-2-1,0,1,4.3,3.4,3.6,12.24,0.001558447,39.47716453,60,32,71,122,3/2/2023,4/10/2023,1,5.85,,,0.0055458,0.899123143,3.558543673,3.199568971,,
SS2,SS2-3,SS2-3-1,1,1,4.9,3,3.5,10.5,0.001336903,36.5636794,68,40,72,73,3/2/2023,4/16/2023,0,5.56,,,0.00527088,0.86863225,3.94260569,3.424674452,,
SS2,SS2-3,SS2-3-2,1,1,4.5,3.3,3.5,11.55,0.001470593,38.34831048,68,40,116,120,2/7/2023,3/1/2023,0,6.05,,,0.0057354,0.887461055,3.900059586,3.461150994,,
SS2,SS2-4,SS2-4-1,1,1,4.7,3.9,3.5,13.65,0.001737973,41.6890087,58,30,137,140,2/28/2023,3/16/2023,1,7.66,,,0.00726168,0.921453033,4.178245654,3.85005713,,
SS2,SS2-4,SS2-4-2,1,1,5.8,3.9,3.6,14.04,0.00178763,42.2803717,70,42,115,118,2/28/2023,3/10/2023,1,3.86,,,0.00365928,0.927312164,2.047000971,1.8982089,,
SS2,SS2-5,SS2-5-1,0,1,6.3,5.1,2.4,12.24,0.001558447,39.47716453,93,65,168,170,1/26/2023,3/1/2023,1,8.38,,,0.00794424,0.899123143,5.097537774,4.583314184,,
SS2,SS2-6,SS2-6-1,0,1,4.9,2.2,3.6,7.92,0.001008407,31.75541798,66,38,84,86,1/27/2023,3/1/2023,0,7.63,,,0.00723324,0.815232572,7.172940168,5.84761446,,
SS2,SS2-7,SS2-7-1,0,1,6.1,3.9,3.7,14.43,0.001837286,42.86357679,92,64,195,197,1/26/2023,3/1/2023,0,6.16,,,0.00583968,0.933046486,3.178426939,2.965620088,,
SS2,SS2-8,SS2-8-1,1,1,4.2,2.4,3.2,7.68,0.000977849,31.27057397,60,32,54,56,3/2/2023,3/27/2023,1,6.6,,,0.0062568,0.809607703,6.398535258,5.180303435,,
SS2,SS2-8,SS2-8-2,1,1,4.6,4.5,3.8,17.1,0.002177241,46.66092006,73,45,120,122,2/3/2023,3/1/2023,0,6.19,,,0.00586812,0.969376489,2.695208642,2.61267189,,
SS2,SS2-9,SS2-9-1,0,1,5.1,2.7,2.5,6.75,0.000859437,29.3161631,71,43,85,86,2/7/2023,3/1/2023,1,6.08,,,0.00576384,0.786432959,6.706526706,5.274233641,,
